family,keep,search,ads,cabin_share,length_ft,years,variants
ryds camping,yes,Ryds camping,29,0.9,19.0,1972-1995,560 76 77 1976
yamarin 63,yes,Yamarin 63,37,0.7,21.0,2012-2027,dc br
flipper 620,yes,Flipper 620,24,1.0,20.3,1977-1996,c ht
flipper 630,yes,Flipper 630,24,1.0,20.7,1995-2010,ht dc cc oc
flipper 640,yes,Flipper 640,21,0.94,21.0,1971-2018,ht dc ink sc
bella 640,yes,Bella 640,19,1.0,21.0,1990-2025,dc ht
örnvik 510,yes,Örnvik 510,20,0.93,16.7,1972-2006,ht cruiser dc
yamarin 59,yes,Yamarin 59,30,0.61,19.0,2006-2026,br dc ht sc
flipper 650,yes,Flipper 650,17,1.0,21.3,2019-2026,dc
uttern d55,yes,Uttern D55,16,1.0,18,1999-2009,
flipper 575,yes,Flipper 575,16,0.97,18.9,1975-1995,ht
bella 620,yes,Bella 620,15,1.0,20.3,2004-2023,dc c ht
finnmaster t6,yes,Finnmaster T6,14,1.0,21,2021-2026,ink
ryds 650,yes,Ryds 650,16,0.69,21.3,2023-2025,vi dc br
flipper 570,yes,Flipper 570,11,1.0,18.7,1967-1987,ht
yamarin 65,yes,Yamarin 65,11,1.0,21,2011-2021,dc
yamarin 64,yes,Yamarin 64,21,0.52,20.0,2008-2024,dc br
uttern 5500,yes,Uttern 5500,12,0.89,18.0,1998-2001,dc br ht
yamarin 60,yes,Yamarin 60,10,1.0,20.0,2021-2026,dc c cabin
flipper 535,yes,Flipper 535,9,1.0,17.6,1985-1996,ht gt
ryds 530,yes,Ryds 530,12,0.74,17.4,1985-1998,dc gt
sandström 560,yes,Sandström 560,10,0.85,18.4,2019-2026,mc classic
uttern 560,yes,Uttern 560,9,0.92,18.4,1975-1994,ht ar
finnsport 650,yes,Finnsport 650,8,1.0,21.3,1979-1993,ac av
uttern d59,yes,Uttern D59,8,1.0,19,2021-2025,
uttern d65,yes,Uttern D65,8,1.0,21,2019-2026,
micore 65,yes,Micore 65,13,0.55,21.0,2024-2026,cc br
ockelbo b21,yes,Ockelbo B21,8,0.88,21,2018-2026,cab
ryds 620,yes,Ryds 620,8,0.88,20.3,2001-2016,dc gtx dci
sting 610,yes,Sting 610,8,0.88,20.0,2016-2022,dc s
amt 210,yes,AMT 210,10,0.7,21,2021-2026,dc br
aquador 21,yes,Aquador 21,7,1.0,21,2004-2013,was wa
uttern 6300,yes,Uttern 6300,7,1.0,20.7,1985-1992,i
örnvik 530,yes,Örnvik 530,8,0.85,17.4,1975-2007,ht
örnvik 550,yes,Örnvik 550,8,0.85,18.0,1969-2003,ht wa clx
flipper 515,yes,Flipper 515,6,1.0,16.9,1998-2005,ht i
crescent 535,yes,Crescent 535,5,1.0,17.6,1977-2001,classic ht
fjordling 17,yes,Fjordling 17,5,1.0,17,1966-1969,ht
uttern 590,yes,Uttern 590,5,1.0,19.4,1979-1985,
yamarin 575,yes,Yamarin 575,5,1.0,18.9,1992-1998,big ht
yamarin 5800,yes,Yamarin 5800,5,1.0,19.0,1996-2001,bc big
yamarin 6110,yes,Yamarin 6110,5,1.0,20.0,1999-2003,dc
flipper 510,yes,Flipper 510,5,0.86,16.7,1977-1999,ht
örnvik 535,yes,Örnvik 535,5,0.83,17.6,1980-1985,ht
askeladden 515,yes,Askeladden 515,4,1.0,16.9,1997-2004,
askeladden 585,yes,Askeladden 585,4,1.0,19.2,2000-2022,fr
ibiza 640,yes,Ibiza 640,5,0.8,21.0,2018-2026,br
mv marin,no,MV marin,8,0.5,18,2006-2012,5400 6600 4600 5700
olympic 580,yes,Olympic 580,4,1.0,19.0,2015-2021,c
ryds 600,yes,Ryds 600,8,0.5,19.7,1992-2012,gts c gt bf
ryds triss,yes,Ryds triss,4,1.0,18.0,1980-1990,52 425 57
uttern 5100,yes,Uttern 5100,4,1.0,16.7,2000-2005,dc
arronet 205,yes,Arronet 205,5,0.75,21,2019-2026,spt
amt 185,yes,AMT 185,6,0.62,18,2008-2019,ht r br
galeon galia,yes,Galeon galia,5,0.67,21,2001-2006,630 660
selco 18,yes,Selco 18,4,0.8,18.0,1970-1990,ht
askeladden 635,yes,Askeladden 635,4,0.75,20.8,2000-2003,wa
askeladden c65,yes,Askeladden C65,3,1.0,21,2016-2022,cruiser
bella 572,yes,Bella 572,3,1.0,18.8,2006-2008,c
bella 601,yes,Bella 601,3,1.0,19.7,1990-1991,ht
bella 621,yes,Bella 621,3,1.0,20.4,2007-2010,dc
flipper 580,yes,Flipper 580,3,1.0,19.0,1975-2000,
grisslan 600,yes,Grisslan 600,3,1.0,19.7,1976-1980,i ac
jeanneau 55,yes,Jeanneau 55,5,0.6,18,2021-2027,wa cc
jeanneau 605,yes,Jeanneau 605,3,1.0,19.8,2004-2024,fisher
ockelbo t17,yes,Ockelbo T17,3,1.0,17,1968-1975,u
olympic 620,yes,Olympic 620,3,1.0,20.3,2015-2018,c
sandström 57,yes,Sandström 57,4,0.75,19.0,2025-2025,cabin mid
sandström 625,yes,Sandström 625,3,1.0,20.5,2019-2021,cc
uttern 6200,yes,Uttern 6200,3,1.0,20.3,1992-1995,ac dc
uttern 630,yes,Uttern 630,3,1.0,20.7,1976-1983,
yamarin 5920,yes,Yamarin 5920,3,1.0,19.4,2005-2006,dc
finnmaster 5700,yes,Finnmaster 5700,5,0.57,18.7,2005-2008,dc open wa
arronet 20,yes,Arronet 20,4,0.67,21.0,2013-2024,
uttern s65,yes,Uttern S65,4,0.67,20,2022-2026,
cremo 650,yes,Cremo 650,5,0.5,21.3,2023-2023,cc
finnmaster 57,yes,Finnmaster 57,5,0.5,19.0,2011-2011,br dc
örnvik 555,yes,Örnvik 555,3,0.75,18.2,2007-2012,wa
ideal 550,yes,Ideal 550,3,0.67,18.0,2004-2007,mc s
yamaha 150,no,Yamaha 150,3,0.67,21,2026-2026,xb xcc lcc
askeladden 605,yes,Askeladden 605,2,1.0,19.8,2004-2005,
askeladden c61,yes,Askeladden C61,2,1.0,20.0,2023-2023,cruiser
bella 561,yes,Bella 561,2,1.0,18.4,2005-2005,ht
crescent 590,yes,Crescent 590,4,0.5,19.4,1995-1998,duo ht
finnmaster 61,yes,Finnmaster 61,2,1.0,20.0,2009-2009,ht
finnmaster p6,yes,Finnmaster P6,2,1.0,20.0,2019-2020,
fjordling 18,yes,Fjordling 18,2,1.0,18.0,1984-1984,
grisslan 640,yes,Grisslan 640,2,1.0,21.0,1995-2005,ac
nordkapp 17,yes,Nordkapp 17,2,1.0,17.0,1980-1990,ht
ryds natica,yes,Ryds natica,2,1.0,21.0,1978-1978,63
uttern 520,yes,Uttern 520,2,1.0,17.1,1985-1990,ht
uttern 5200,yes,Uttern 5200,2,1.0,17.1,1989-1995,dc
uttern 6000,yes,Uttern 6000,2,1.0,19.7,1985-1991,
uttern 65,yes,Uttern 65,2,1.0,21.0,2025-2026,
uttern d57,yes,Uttern D57,2,1.0,19.0,2014-2014,från
väddö 560,yes,Väddö 560,2,1.0,18.4,1980-1980,cabin
yamarin 5940,yes,Yamarin 5940,2,1.0,19.5,2002-2003,
yamarin 6230,yes,Yamarin 6230,2,1.0,20.4,2001-2004,wa
örnvik 575,yes,Örnvik 575,2,1.0,18.9,1999-2002,mc
örnvik 635,yes,Örnvik 635,2,1.0,20.8,1997-2007,gp wa
örnvik 580,yes,Örnvik 580,3,0.6,19.0,1970-2008,
olympic 520,yes,Olympic 520,2,0.67,17.1,2011-2012,br c
sea star 600,yes,Sea star 600,2,0.67,19.7,1991-2000,s
sting 600,yes,Sting 600,2,0.67,19.7,2019-2019,pro
askeladden 17,yes,Askeladden 17,1,1.0,17,1980-1980,
bella 551,yes,Bella 551,1,1.0,18.1,1995-1995,
bella 580,yes,Bella 580,1,1.0,19.0,1992-1992,
bella 581,yes,Bella 581,1,1.0,19.1,2005-2005,
bella ht,yes,Bella HT,1,1.0,17,2004-2004,561
bella scantic,yes,Bella scantic,1,1.0,19,1989-1989,580
crescent 53,yes,Crescent 53,1,1.0,17,1978-1978,dc
crescent 560,yes,Crescent 560,1,1.0,18.4,1985-1985,
fletcher arrowbeau,yes,Fletcher arrowbeau,1,1.0,20,2015-2015,
quicksilver 530,yes,Quicksilver 530,1,1.0,17.4,2016-2016,ph
quicksilver 540,yes,Quicksilver 540,1,1.0,17.7,2010-2010,
ryds dc,yes,Ryds DC,1,1.0,20,2002-2002,620
ryds sälö,yes,Ryds sälö,1,1.0,17,1990-1990,17
sea star 650,yes,Sea star 650,1,1.0,21.3,1987-1987,
skibsplast 18,yes,Skibsplast 18,1,1.0,18,1983-1983,
skibsplast 550,yes,Skibsplast 550,1,1.0,18.0,1988-1988,ht
starcraft 565,yes,Starcraft 565,1,1.0,18.5,1994-1994,ht
sunbird spl194,yes,Sunbird spl194,1,1.0,18,1990-1990,
suvi 5050,yes,Suvi 5050,1,1.0,16.6,2012-2012,duo
terhi 520,yes,Terhi 520,1,1.0,17.1,1979-1979,ht
örnvik 560,yes,Örnvik 560,1,1.0,18.4,1990-1990,
örnvik 565,yes,Örnvik 565,1,1.0,18.5,1985-1985,ht
